id,name,category,level,skillFocus,goal,description,variations,players,equipment,rpe,durationMin,durationMax,imageUrls,videoUrls,skill_domains,game_phases,tactical_focus,technical_focus,position_focus,zone_focus,complexity_level,decision_level,age_min,age_max,intensity_type,training_goal,type_of_drill
1,Игра на квадрат,Загрявка,Всички нива,"Подаване,Приемане,Атака,Блок,Сервис,Защита,Разпределение,Координация,Бързина,Издръжливост,Преход,Сила,Комуникация,Игра","Контрол, Движение","Цел: Игра на квадрат Обяснение: Двама играчи застават един срещу друг. Единият играч удря топката точно напред, докато другият играе диагонално, създавайки виртуален четириъгълник...",Няма данни,Няма данни,"Топки, Обръч (по желание)",Неуточнено,Няма данни,Неуточнено,Няма данни,https://drive.google.com/file/d/15IXhgS8ItULJpKy6Tza2aRuhhEwfdOQm/view?usp=drive_link,attack;block;defense;serve;receive,transition,system_play,platform,setter,zone_3,3,3,16,20,medium,"Контрол, Движение",групово
2,Зигзаг,Основна фаза 1,Всички нива,"Подаване,Приемане,Атака,Блок,Сервис,Защита,Разпределение,Координация,Бързина,Издръжливост,Преход,Сила,Комуникация,Игра","Координация, Пасиране",Цел: Подобряване на контрола върху позицията на приемане и приемане... Обяснение: Подредете групата зигзагообразно по цялата дължина на игрището...,Няма данни,Няма данни,Топки,Неуточнено,Няма данни,Неуточнено,Няма данни,https://drive.google.com/file/d/1xnk2VXo2TNRZevBJQh_qPfqDUoQKTcH2/view?usp=drive_link,attack;block;defense;serve;receive,transition,system_play,platform,setter,zone_3,3,3,16,20,medium,"Координация, Пасиране",групово
3,Никога нищо,Основна фаза 1,Всички нива,"Подаване,Приемане,Атака,Блок,Сервис,Защита,Разпределение,Координация,Бързина,Издръжливост,Преход,Сила,Комуникация,Игра","Защита, Контрол","Цел: Подобряване на четенето на играта и постигане на контрол. Обяснение: Трима играчи образуват триъгълник. Играчът, който не получи топката, се премества на противоположната страна...",Няма данни,Няма данни,Топки,Неуточнено,Няма данни,Неуточнено,Няма данни,https://drive.google.com/file/d/1vI3DnG0nhSrTxB8Rr0EcabRixwKbe1MV/view?usp=drive_link,attack;block;defense;serve;receive,transition,system_play,platform,setter,zone_3,3,3,16,20,medium,"Защита, Контрол",групово
4,Преследване,Основна фаза 2,Всички нива,"Подаване,Приемане,Атака,Блок,Сервис,Защита,Разпределение,Координация,Бързина,Издръжливост,Преход,Сила,Комуникация,Игра","Защита, Движение","Цел: При игра с топката, чрез движение назад, да се прилага натиск напред. Обяснение: 3 срещу 3, започвайки от триметровата линия. Играйте може да се върне назад към защитните си позиции само след като нападателят е докоснал топката...",Няма данни,Няма данни,"Топки, Мрежа",Неуточнено,Няма данни,Неуточнено,Няма данни,https://drive.google.com/file/d/1CtWUtWaXwodlLUfSXSQJZ0dBtS3X2Mq5/view?usp=drive_link,attack;block;defense;serve;receive,transition,system_play,platform,setter,zone_3,3,3,16,20,medium,"Защита, Движение",групово
5,Лагерен огън,Основна фаза 2,Всички нива,"Подаване,Приемане,Атака,Блок,Сервис,Защита,Разпределение,Координация,Бързина,Издръжливост,Преход,Сила,Комуникация,Игра","Защита, Ситуационна игра",Цел: Подобряване на ситуациите „извън системата“ и комуникацията. Обяснение: Трима играчи образуват група в центъра на игрището. Треньорът сервира топката и след това участва в играта...,Няма данни,Няма данни,"Топки, Мрежа",Неуточнено,Няма данни,Неуточнено,Няма данни,https://drive.google.com/file/d/1ve6kD2T3RMvdWWz3Su45ah5jwPrVZczi/view?usp=drive_link,attack;block;defense;serve;receive,transition,system_play,platform,setter,zone_3,3,3,16,20,medium,"Защита, Ситуационна игра",групово
6,Две на степен четири,Затваряне,Средно напреднали,"Подаване,Приемане,Атака,Блок,Сервис,Защита,Разпределение,Координация,Бързина,Издръжливост,Преход,Сила,Комуникация,Игра","Контрол, Комуникация","Цел: Трениране на комуникация, концентрация, контрол и подготовка за следващото действие. Обяснение: Това волейболно упражнение набляга на комуникацията, контрола, концентрацията и изпълнението на следващите действия...",Няма данни,Няма данни,"Топки, Мрежа",Неуточнено,Няма данни,Неуточнено,Няма данни,https://drive.google.com/file/d/13ARz3V43zI1_L8Qd6ZzwWPezAdH-z7fD/view?usp=drive_link,attack;block;defense;serve;receive,transition,system_play,platform,setter,zone_3,3,3,13,16,medium,"Контрол, Комуникация",групово
7,Надолу и нагоре,"Защита, Издържливост",Всички нива,"Защита,Издръжливост","Ловкост, Движение","Цел: Насърчаване на издръжливостта, ловкостта и ловкостта на топката. Обяснение: Трио или квартет играчи започват от мрежата. След това треньорът хвърля топката в задното поле...",Няма данни,Няма данни,"Топки, Мрежа",Неуточнено,Няма данни,Неуточнено,Няма данни,https://drive.google.com/file/d/1G5a_LQeQVDIQsO4jat5VXKXoQZZmPl45/view?usp=drive_link,defense,transition,system_play,platform,setter,zone_3,3,3,16,20,medium,"Ловкост, Движение",групово
8,Волейбол от стена в линия,Техническа подготовка,Всички нива,"Преход,Комуникация,Игра","Координация, Четене на играта","Цел: Подобряване на оценката на траекторията на топката Обяснение: Трима играчи използват една топка. Предният играч, без топката, стои на приблизително 2 до 3 метра от стената... Етикети: Пасиране, Надземно преминаване, Координация, Моторни умения, Фокус, Овладяване на задачите, Умения за боравене с топка, Разпознаване на траекторията на топката, Стена",Няма данни,Няма данни,"Топки, Стена",Неуточнено,Няма данни,Неуточнено,Няма данни,https://drive.google.com/file/d/1RYO8MSOWdxE0h_U2TLuK5X7Gb6QPpHjo/view?usp=drive_link,,transition,system_play,platform,setter,zone_3,3,3,16,20,medium,"Координация, Четене на играта",групово
9,Предизвикателство за подаване VBall 1 подаване отскок 1 пляскане смяна на крака,Техническа подготовка,Всички нива,"Преход,Комуникация,Игра","Контрол на топката, Координация","Цел: Подобряване на техниката на подаване и двигателните умения... Обяснение: Като играч и треньор, вече можете лесно да измервате напредъка... Етикети: Пасиране, Координация, Моторни умения, Фокус, Овладяване на задачите, Упоритост, Умения за боравене с топка",Няма данни,Няма данни,Топки,Неуточнено,Няма данни,Неуточнено,Няма данни,https://drive.google.com/file/d/1bP8-og70mu53XfRE4Y-Yc6c2dU3ssmT-/view?usp=drive_link,,transition,system_play,platform,setter,zone_3,3,3,16,20,medium,"Контрол на топката, Координация",групово
10,Внимавайте!,Ловкост и реакция,Всички нива,"Координация,Бързина,Издръжливост","Координация, Фокус","Цел: Повишаване на способността за реакция и наблюдение на околната среда... Обяснение: Подредете един брой играчи един срещу друг. Чрез интегриране на задачи и действия, играчите трябва да разработят стратегия... Етикети: Координация, Фокус, Овладяване на задачите, Умения за боравене с топка",Няма данни,Няма данни,Няма данни,Неуточнено,Няма данни,Неуточнено,Няма данни,https://drive.google.com/file/d/1lHpV4hUtAsqqxOGvKAljRiv6YDJ4Ilb2/view?usp=drive_link,,transition,system_play,platform,setter,zone_3,3,3,16,20,medium,"Координация, Фокус",групово
11,10 мин. подготовка за движение А,Загрявка,Всички нива,"Подаване,Приемане,Атака,Блок,Сервис,Защита,Разпределение,Координация,Бързина,Издръжливост,Преход,Сила,Комуникация,Игра","Разтягане, Подготовка за движение","Цел: Разтягане Обяснение: В началото на тренировката на тренировката със загрявка, се състои от приблизително пет упражнения, които съчетават разтягане и движение. Етикети: Координация, Разтягане, Фокус",Няма данни,Няма данни,Няма данни,Неуточнено,Няма данни,Неуточнено,Няма данни,https://drive.google.com/file/d/1Ssg3EhpKad04VdMBuLMShjXeNBm8JyHN/view?usp=drive_link,attack;block;defense;serve;receive,transition,system_play,platform,setter,zone_3,3,3,16,20,medium,"Разтягане, Подготовка за движение",групово
12,Отпред или отзад,Техническа подготовка,Всички нива,"Подаване,Приемане,Атака,Блок,Сервис,Защита,Разпределение,Координация,Бързина,Издръжливост,Преход,Сила,Комуникация,Игра","Четене на играта, Пасиране",Цел: Подобряване на траекторията на топката. Обяснение: Двойките са една срещу друга с мрежа между тях...,Няма данни,Няма данни,"Топки, Мрежа, Обръч",Неуточнено,Няма данни,Неуточнено,Няма данни,https://drive.google.com/file/d/16hm_0l09vYSMvhE_zp5YarjztMn1TA9g/view?usp=drive_link,attack;block;defense;serve;receive,transition,system_play,platform,setter,zone_3,3,3,16,20,medium,"Четене на играта, Пасиране",групово
13,Предизвикателство при подаване... (хвърляне от стената),Техническа подготовка,Всички нива,"Подаване,Приемане,Атака,Блок,Сервис,Защита,Разпределение,Координация,Бързина,Издръжливост,Преход,Сила,Комуникация,Игра","Контрол на топката, Пасиране","Цел: Подобряване на техниката на подаване и двигателните умения... Обяснение: Като играч и треньор, вече можете лесно да измервате напредъка...",Няма данни,Няма данни,"Топки, Стена",Неуточнено,Няма данни,Неуточнено,Няма данни,https://drive.google.com/file/d/1F5eF9qbQVIR72YneB1vu6yNpQSgFjpqN/view?usp=drive_link,attack;block;defense;serve;receive,transition,system_play,platform,setter,zone_3,3,3,16,20,medium,"Контрол на топката, Пасиране",групово
14,Предизвикателство за подаване VBall... (2 подавания),Техническа подготовка,Всички нива,"Подаване,Приемане,Атака,Блок,Сервис,Защита,Разпределение,Координация,Бързина,Издръжливост,Преход,Сила,Комуникация,Игра","Контрол на топката, Пасиране","Цел: Подобряване на техниката на подаване и двигателните умения... Обяснение: Като играч и треньор, вече можете лесно да измервате напредъка...",Няма данни,Няма данни,Топки,Неуточнено,Няма данни,Неуточнено,Няма данни,https://drive.google.com/file/d/19jMNth3sgaGF5XkZ-jy6miVIKJTOTd1y/view?usp=drive_link,attack;block;defense;serve;receive,transition,system_play,platform,setter,zone_3,3,3,16,20,medium,"Контрол на топката, Пасиране",групово
15,Волей на стена,Техническа подготовка,Начинаещ,"Подаване,Приемане,Атака,Блок,Сервис,Защита,Разпределение,Координация,Бързина,Издръжливост,Преход,Сила,Комуникация,Игра","Четене на играта, Координация","Цел: Подобряване на оценката на траекторията на топката. Обяснение: Двама играчи, една топка. Предният играч стои на 3 метра от стената...",Няма данни,Няма данни,"Топки, Стена",Неуточнено,Няма данни,Неуточнено,Няма данни,https://drive.google.com/file/d/1FeEn8oO98VOLrMnO0ZrAX93Gg-Mdinxq/view?usp=drive_link,attack;block;defense;serve;receive,transition,system_play,platform,setter,zone_3,3,3,8,12,medium,"Четене на играта, Координация",групово
16,Юмрук,Игрова ситуация,Всички нива,"Преход,Комуникация,Игра","Атака, Защита","Цел: Реактивност, работа с краката и укрепване на раменната област. Обяснение: Волейболен мач се играе с двама играчи във всеки отбор...",Няма данни,Няма данни,"Топки, Конуси",Неуточнено,Няма данни,Неуточнено,Няма данни,https://drive.google.com/file/d/10_1UxsNGa6AgMSmG2Hqivw0MrDGJFwkW/view?usp=drive_link,,transition,system_play,platform,setter,zone_3,3,3,16,20,medium,"Атака, Защита",групово
17,Волейбол,Техническа подготовка,Начинаещ,"Подаване,Приемане,Атака,Блок,Сервис,Защита,Разпределение,Координация,Бързина,Издръжливост,Преход,Сила,Комуникация,Игра","Контрол на топката, Четене на играта","Цел: Оценка на траекторията на топката и нейното приемане. Обяснение: Разделете се на двойки, всеки с по две топки...",Няма данни,Няма данни,Топки,Неуточнено,Няма данни,Неуточнено,Няма данни,https://drive.google.com/file/d/1oyIX4eJAHNMw2oloHm77uehgF7aUp921/view?usp=drive_link,attack;block;defense;serve;receive,transition,system_play,platform,setter,zone_3,3,3,8,12,medium,"Контрол на топката, Четене на играта",групово
18,Бутане на топка,Техническа подготовка,Начинаещ,"Подаване,Приемане,Атака,Блок,Сервис,Защита,Разпределение,Координация,Бързина,Издръжливост,Преход,Сила,Комуникация,Игра","Пасиране, Сила",Цел: Усвояване на по-добра стойка на предмишницата и игра с изпънати ръце. Обяснение: Инструктирайте играчите за правилната стойка...,Няма данни,Няма данни,Топки,Неуточнено,Няма данни,Неуточнено,Няма данни,https://drive.google.com/file/d/1uaFnFmCo8K1wy8dWlW-fR0WugD-dVqoO/view?usp=drive_link,attack;block;defense;serve;receive,transition,system_play,platform,setter,zone_3,3,3,8,12,medium,"Пасиране, Сила",групово
19,Предизвикателство за подаване V-топ... (отскок от стената),Техническа подготовка,Всички нива,"Подаване,Приемане,Атака,Блок,Сервис,Защита,Разпределение,Координация,Бързина,Издръжливост,Преход,Сила,Комуникация,Игра","Контрол на топката, Пасиране","Цел: Подобряване на техниката на подаване и двигателните умения... Обяснение: Като играч и треньор, вече можете лесно да измервате напредъка...",Няма данни,Няма данни,"Топки, Стена",Неуточнено,Няма данни,Неуточнено,Няма данни,https://drive.google.com/file/d/1OG3en4XXaDg65C3N5_Gszsj0xiptMbjJ/view?usp=drive_link,attack;block;defense;serve;receive,transition,system_play,platform,setter,zone_3,3,3,16,20,medium,"Контрол на топката, Пасиране",групово
20,Лъжици,Защита,Всички нива,Защита,"Движение, Защита",Цел: Подобряване на защитната стойка и движение. Обяснение: Двама играчи заемат позиции на приблизително 3 метра един от друг...,Няма данни,Няма данни,Топки,Неуточнено,Няма данни,Неуточнено,Няма данни,https://drive.google.com/file/d/1PQeRtO4j5UacOYyOQ9-zxX1aunZCyuD3/view?usp=drive_link,defense,transition,system_play,platform,setter,zone_3,3,3,16,20,medium,"Движение, Защита",групово
21,"Пеперуда, право напред","Загрявка, Техническа подготовка",Всички нива,"Защита,Комуникация","Контрол, Пасиране",Цел: Загрявка на няколко позиции. Контрол. Обяснение: Две игрища са разположени еднакво. Диагонален играч подава топката от своята половина на свободния играч на мрежата...,Няма данни,Няма данни,"Топки, Мрежа",Неуточнено,Няма данни,Неуточнено,Няма данни,https://www.youtube.com/embed/IaSgLfAMNfs,defense,transition,system_play,platform,setter,zone_3,3,3,16,20,medium,"Контрол, Пасиране",групово
24,"Страничен удар + Фрийбол в средата, тръбата или позиция 4","Игрова ситуация, Тактика",Напреднали,"Подаване,Приемане,Атака,Блок,Сервис,Защита,Разпределение,Координация,Бързина,Издръжливост,Преход,Сила,Комуникация,Игра","Атака, Ситуационна игра","Цел: Тренировка с изправяне навън. Обяснение: Отборът поддържа една и съща ротация. Изпълнявате страничен аут, последван от свободна топка...",Няма данни,Няма данни,"Топки, Мрежа",Неуточнено,Няма данни,Неуточнено,Няма данни,,attack;block;defense;serve;receive,transition,system_play,platform,setter,zone_3,3,3,16,20,medium,"Атака, Ситуационна игра",групово
33,Съвпадение на ротациите странично навън,Игрова ситуация,Напреднали,"Преход,Сила,Комуникация,Игра","Тактика, Сервис, Пасиране",Цел: Тренировка „странично навън“. Обяснение: Кой отбор ще завърши всичките шест ротации пръв? Мачът е кратък до три точки...,Няма данни,Няма данни,"Топки, Мрежа",Неуточнено,Няма данни,Неуточнено,Няма данни,https://drive.google.com/file/d/14Eg8SiBGwaL9ZeSVNId6D65B9FacQ10_/view?usp=drive_link,,transition,system_play,platform,setter,zone_3,3,3,16,20,medium,"Тактика, Сервис, Пасиране",групово
34,Страйд аут + свободна топка от дясната страна на корта,"Игрова ситуация, Тактика",Напреднали,"Подаване,Приемане,Атака,Блок,Сервис,Защита,Разпределение,Координация,Бързина,Издръжливост,Преход,Сила,Комуникация,Игра","Атака, Ситуационна игра","Цел: Тренировка с изправяне навън. Обяснение: Отборът запазва текущата си ротация. Изпълнявате страничен аут, последван от свободна топка...",Няма данни,Няма данни,"Топки, Мрежа",Неуточнено,Няма данни,Неуточнено,Няма данни,https://drive.google.com/file/d/1O9hTFxjdsL3LgUq1ALuUCzPNkDO8fDY5/view?usp=drive_link,attack;block;defense;serve;receive,transition,system_play,platform,setter,zone_3,3,3,16,20,medium,"Атака, Ситуационна игра",групово
35,Детегледачка,Техническа подготовка,Всички нива,"Подаване,Приемане,Атака,Блок,Сервис,Защита,Разпределение,Координация,Бързина,Издръжливост,Преход,Сила,Комуникация,Игра","Контрол, Комуникация",Цел: Подобряване на защитната стойка и фокусиране върху следващото действие. Обяснение: Разделете се на групи от по трима и започнете с подаване отгоре...,Няма данни,Няма данни,Топки,Неуточнено,Няма данни,Неуточнено,Няма данни,https://drive.google.com/file/d/1I7d_Il-vCBjsjCWVrEVXyqRYceqXaI3i/view?usp=drive_link,attack;block;defense;serve;receive,transition,system_play,platform,setter,zone_3,3,3,16,20,medium,"Контрол, Комуникация",групово
36,Чили Пепър Джуниър,Техническа подготовка,Всички нива,"Подаване,Приемане,Атака,Блок,Сервис,Защита,Разпределение,Координация,Бързина,Издръжливост,Преход,Сила,Комуникация,Игра","Контрол, Пасиране","Цел: Контролирано подаване. Обяснение: Четирима играчи образуват голям квадрат, като един играч е разположен в центъра...",Няма данни,Няма данни,Топки,Неуточнено,Няма данни,Неуточнено,Няма данни,https://drive.google.com/file/d/1XSXVGyQcIIWcbnrBef3zRnPWTEXmNG75/view?usp=drive_link,attack;block;defense;serve;receive,transition,system_play,platform,setter,zone_3,3,3,16,20,medium,"Контрол, Пасиране",групово
37,Полудей,Игрова ситуация,Средно напреднали,"Подаване,Приемане,Атака,Блок,Сервис,Защита,Разпределение,Координация,Бързина,Издръжливост,Преход,Сила,Комуникация,Игра","Защита, Сервис","Цел: Бърза защитна стойка. Обяснение: Подобрете скоростта. Поставете по един играч на позиции 2 и 4, с трима играчи на позиции 5, 6 и 1...",Няма данни,Няма данни,"Топки, Мрежа",Неуточнено,Няма данни,Неуточнено,Няма данни,https://drive.google.com/file/d/1lDdyugTs__iuG-uB3qMrCuMQ2r_EKov_/view?usp=drive_link,attack;block;defense;serve;receive,break_point,system_play,platform,setter,zone_3,3,3,13,16,medium,"Защита, Сервис",групово
38,Задаване стъпка по стъпка,Техническа подготовка,Всички нива,"Подаване,Приемане,Атака,Блок,Сервис,Защита,Разпределение,Координация,Бързина,Издръжливост,Преход,Сила,Комуникация,Игра","Пасиране, Разпределение","Цел: Основно упражнение, което е важно за по-добро подаване като цяло... Обяснение: Всички подаващи трябва да образуват група...",Няма данни,Няма данни,Топки,Неуточнено,Няма данни,Неуточнено,Няма данни,https://drive.google.com/file/d/1ifBqDGzCJzuTJEvrrd_Qoti8ypNfvwCU/view?usp=drive_link,attack;block;defense;serve;receive,transition,system_play,platform,setter,zone_3,3,3,16,20,medium,"Пасиране, Разпределение",групово
39,Смяна на тризнаци,Техническа подготовка,Средно напреднали,"Подаване,Приемане,Атака,Блок,Сервис,Защита,Разпределение,Координация,Бързина,Издръжливост,Преход,Сила,Комуникация,Игра","Защита, Пасиране","Цел: Защита и игра над главата. Предизвикателство. Обяснение: Двама играчи заемат позиция на мрежата, докато трети играч от средния бек подава топката на един от тях...",Няма данни,Няма данни,"Топки, Мрежа",Неуточнено,Няма данни,Неуточнено,Няма данни,https://drive.google.com/file/d/1Q5DFTC71ttlJmxrYfXfaSxJ-G2wk4dIW/view?usp=drive_link,attack;block;defense;serve;receive,transition,system_play,platform,setter,zone_3,3,3,13,16,medium,"Защита, Пасиране",групово
40,Играта „Риболов“,Игрова ситуация,Всички нива,"Подаване,Приемане,Атака,Блок,Сервис,Защита,Разпределение,Координация,Бързина,Издръжливост,Преход,Сила,Комуникация,Игра","Контрол, Реакция",Цел: Подобряване на реакцията и уменията за боравене с топката. Обяснение: Кой може да лови риба най-добре? Играем един на един...,Няма данни,Няма данни,"Топки, Мрежа",Неуточнено,Няма данни,Неуточнено,Няма данни,https://drive.google.com/file/d/1_3Rkt40rBFXke-bGXOH5T0b8VeRmVrRN/view?usp=drive_link,attack;block;defense;serve;receive,transition,system_play,platform,setter,zone_3,3,3,16,20,medium,"Контрол, Реакция",групово
41,Докажи го,Игрова ситуация,Напреднали,"Подаване,Приемане,Атака,Блок,Сервис,Защита,Разпределение,Координация,Бързина,Издръжливост,Преход,Сила,Комуникация,Игра","Тактика, Всички умения","Цел: Високоинтензивна отборна игра. Обяснение: Формират се два отбора. Треньорът дава безплатни топки на отбора, спечелил предишната точка...",Няма данни,Няма данни,"Топки, Мрежа",Неуточнено,Няма данни,Неуточнено,Няма данни,https://drive.google.com/file/d/15vR4ht65eJUvhIeS-K2t73B5gPg4hfJ7/view?usp=drive_link,attack;block;defense;serve;receive,transition,system_play,platform,setter,zone_3,3,3,16,20,medium,"Тактика, Всички умения",групово
42,Слалом,Техническа подготовка,Всички нива,"Подаване,Приемане,Атака,Блок,Сервис,Защита,Разпределение,Координация,Бързина,Издръжливост,Преход,Сила,Комуникация,Игра","Пасиране, Скорост","Цел: Подобряване на подаването отгоре и отдолу и едновременно с това работа върху скоростта. Обяснение: Трима играчи стоят в редица един до друг. Играч C, позициониран в средата, е определеният подаващ...",Няма данни,Няма данни,Топки,Неуточнено,Няма данни,Неуточнено,Няма данни,https://drive.google.com/file/d/1whvhTMfipI_1E-VTajbNnnfjK6Xm-m2Q/view?usp=drive_link,attack;block;defense;serve;receive,transition,system_play,platform,setter,zone_3,3,3,16,20,medium,"Пасиране, Скорост",групово
43,Геодезически,Техническа подготовка,Всички нива,"Подаване,Приемане,Атака,Блок,Сервис,Защита,Разпределение,Координация,Бързина,Издръжливост,Преход,Сила,Комуникация,Игра","Пасиране, Скорост","Цел: Подобряване на горното и долното подаване и скоростта. Обяснение: Трима играчи образуват триъгълник: A, B и C...",Няма данни,Няма данни,Топки,Неуточнено,Няма данни,Неуточнено,Няма данни,https://drive.google.com/file/d/1p_FNpRjLm9IPq6CzxigmXuqHg0fVl5I6/view?usp=drive_link,attack;block;defense;serve;receive,transition,system_play,platform,setter,zone_3,3,3,16,20,medium,"Пасиране, Скорост",групово
44,"Двойно виждане, част 3",Техническа подготовка,Всички нива,"Подаване,Приемане,Атака,Блок,Сервис,Защита,Разпределение,Координация,Бързина,Издръжливост,Преход,Сила,Комуникация,Игра","Пасиране, Концентрация","Цел: Сервиращият трябва да се концентрира върху следващата топка. Обяснение: Левият ред започва играта, като хваща първата топка...",Няма данни,Няма данни,"Топки, Мрежа",Неуточнено,Няма данни,Неуточнено,Няма данни,https://drive.google.com/file/d/1pD1fxYNIfWUkY95OQ7JA2TyqZy8DLioU/view?usp=drive_link,attack;block;defense;serve;receive,transition,system_play,platform,setter,zone_3,3,3,16,20,medium,"Пасиране, Концентрация",групово
45,Задайте свой собствен пропуск,Техническа подготовка,Средно напреднали,"Подаване,Приемане,Атака,Блок,Сервис,Защита,Разпределение,Координация,Бързина,Издръжливост,Преход,Сила,Комуникация,Игра","Пасиране, Атака","Цел: Подаване и извънсистемни ситуации, тайминг на атакуващите. Обяснение: Две линии от подаващи са позиционирани с десен и ляв преден нападател...",Няма данни,Няма данни,"Топки, Мрежа",Неуточнено,Няма данни,Неуточнено,Няма данни,https://drive.google.com/file/d/1pX9nF7gIpTjyhkU3AEDSOcS4Nxloz8LR/view?usp=drive_link,attack;block;defense;serve;receive,transition,system_play,platform,setter,zone_3,3,3,13,16,medium,"Пасиране, Атака",групово
46,Въртележка,Техническа подготовка,Всички нива,"Подаване,Приемане,Атака,Блок,Сервис,Защита,Разпределение,Координация,Бързина,Издръжливост,Преход,Сила,Комуникация,Игра","Контрол, Движение","Цел: Движете се по-бързо и поемете контрол. Обяснение: Трима играчи застават в центъра, с гръб един към друг, и си подават топката...",Няма данни,Няма данни,Топки,Неуточнено,Няма данни,Неуточнено,Няма данни,https://drive.google.com/file/d/192SHQg78VaYIQ8MYPY9B7VxnAqBjB53o/view?usp=drive_link,attack;block;defense;serve;receive,transition,system_play,platform,setter,zone_3,3,3,16,20,medium,"Контрол, Движение",групово
47,Куикстеп,Техническа подготовка,Всички нива,"Подаване,Приемане,Атака,Блок,Сервис,Защита,Разпределение,Координация,Бързина,Издръжливост,Преход,Сила,Комуникация,Игра","Пасиране, Движение","Цел: Подобряване на защитната позиция и движението. Обяснение: Шест или повече играчи, двама от които са здраво позиционирани отстрани на страничната линия...",Няма данни,Няма данни,Топки,Неуточнено,Няма данни,Неуточнено,Няма данни,https://drive.google.com/file/d/11uOBIHzcipc2YrUx3hgDnUjpWCZKl0m2/view?usp=drive_link,attack;block;defense;serve;receive,transition,system_play,platform,setter,zone_3,3,3,16,20,medium,"Пасиране, Движение",групово
48,Това не е честно,Игрова ситуация,Напреднали,"Подаване,Приемане,Атака,Блок,Сервис,Защита,Разпределение,Координация,Бързина,Издръжливост,Преход,Сила,Комуникация,Игра","Тактика, Всички умения","Цел: Подобряване на играта странично навън (извън системата). Обяснение: Формирайте групи от трима. Сервирайте от отбора, състоящ се от шестима играчи...",Няма данни,Няма данни,"Топки, Мрежа",Неуточнено,Няма данни,Неуточнено,Няма данни,https://drive.google.com/file/d/1rQTipt6uj1cTfWgjEtj-eH3EU77nGOXF/view?usp=drive_link,attack;block;defense;serve;receive,transition,system_play,platform,setter,zone_3,3,3,16,20,medium,"Тактика, Всички умения",групово
49,Слалом1,Техническа подготовка,Средно напреднали,"Подаване,Приемане,Атака,Блок,Сервис,Защита,Разпределение,Координация,Бързина,Издръжливост,Преход,Сила,Комуникация,Игра","Атака, Защита","Цел: Превключвайте по-бързо и се подгответе за следващото действие. Обяснение: Треньорът подава топката към центъра на игрището, като сервира или хвърля...",Няма данни,Няма данни,"Топки, Мрежа",Неуточнено,Няма данни,Неуточнено,Няма данни,https://drive.google.com/file/d/1ZbudxEvMcRHfe2bbaarslTUnXK1bh6kl/view?usp=drive_link,attack;block;defense;serve;receive,transition,system_play,platform,setter,zone_3,3,3,13,16,medium,"Атака, Защита",групово
50,"Пеперуда, право напред","Загрявка, Техническа подготовка",Всички нива,"Подаване,Приемане,Атака,Блок,Сервис,Защита,Разпределение,Координация,Бързина,Издръжливост,Преход,Сила,Комуникация,Игра","Контрол, Пасиране",Цел: Загрявка на няколко позиции. Контрол. Обяснение: Две игрища са разположени еднакво. Диагонален играч подава топката от своята половина на свободния играч на мрежата...,Няма данни,25 (две двойки),"Топки, Мрежа",Неуточнено,Неуточнено,Неуточнено,Няма данни,https://drive.google.com/file/d/17IDIyjE7E-mhBWKoU2VMgTr36sFwzxak/view?usp=drive_link,attack;block;defense;serve;receive,transition,system_play,platform,setter,zone_3,3,3,16,20,medium,"Контрол, Пасиране",игрово
51,Пеперудата на Хосе,Техническа подготовка,Средно напреднали,"Подаване,Приемане,Атака,Блок,Сервис,Защита,Разпределение,Координация,Бързина,Издръжливост,Преход,Сила,Комуникация,Игра","Атака, Защита","Цел: Техники за фина настройка. Обяснение: От позиция 2, ударете топката към позиции 4/5 от вашата страна на игрището...",Няма данни,24 (две двойки),"Топки, Мрежа",Неуточнено,Неуточнено,Неуточнено,Няма данни,https://drive.google.com/file/d/18XEMDIMDlAh_yCflmcIvMMN12fVn-tVK/view?usp=drive_link,attack;block;defense;serve;receive,transition,system_play,platform,setter,zone_3,3,3,13,16,medium,"Атака, Защита",игрово
52,Тръбна пеперуда,Техническа подготовка,Средно напреднали,"Подаване,Приемане,Атака,Блок,Сервис,Защита,Разпределение,Координация,Бързина,Издръжливост,Преход,Сила,Комуникация,Игра","Атака, Защита","Цел: Подобряване на атаката отзад. Обяснение: Нападателят хвърля топката на подаващия, който я контролира и я изпраща към левия бек...",Няма данни,23 (две двойки),"Топки, Мрежа",Неуточнено,Неуточнено,Неуточнено,Няма данни,https://drive.google.com/file/d/1rHP033ACDSeMzMXylBYS7iPsKkA-tCiv/view?usp=drive_link,attack;block;defense;serve;receive,transition,system_play,platform,setter,zone_3,3,3,13,16,medium,"Атака, Защита",игрово
53,"Страничен удар + Фрийбол в средата, тръбата или позиция 4","Игрова ситуация, Тактика",Напреднали,"Подаване,Приемане,Атака,Блок,Сервис,Защита,Разпределение,Координация,Бързина,Издръжливост,Преход,Сила,Комуникация,Игра","Атака, Ситуационна игра","Цел: Тренировка с изправяне навън. Обяснение: Отборът поддържа една и съща ротация. Изпълнявате страничен аут, последван от свободна топка...",Няма данни,22 (две двойки),"Топки, Мрежа",Неуточнено,Неуточнено,Неуточнено,Няма данни,https://drive.google.com/file/d/1S6FwquGNolpzhB51vUfQd1s9YAlPYomZ/view?usp=drive_link,attack;block;defense;serve;receive,transition,system_play,platform,setter,zone_3,3,3,16,20,medium,"Атака, Ситуационна игра",игрово
54,Анти-кульминация,"Игрова ситуация, Тактика,Техническа подготовка",Всички нива,"Подаване,Приемане,Атака,Блок,Сервис,Защита,Разпределение,Координация,Бързина,Издръжливост,Преход,Сила,Комуникация,Игра","Атака, Защита, Блокиране","Цел: Да се ​​научиш да вкарваш голове възможно най-бързо и да се възползваш от възможностите си. Обяснение: Играта е проста. Треньорът започва играта, като сервира топката...",Няма данни,21 (две двойки),"Топки, Мрежа",Неуточнено,Неуточнено,Неуточнено,Няма данни,https://drive.google.com/file/d/1eS3sgFOqZbkMBcT2QjoJyMEjjGos-84w/view?usp=drive_link,attack;block;defense;serve;receive,transition,system_play,platform,setter,zone_3,3,3,16,20,medium,"Атака, Защита, Блокиране",игрово
55,Караница,Игрова ситуация,Всички нива,"Подаване,Приемане,Атака,Блок,Сервис,Защита,Разпределение,Координация,Бързина,Издръжливост,Преход,Сила,Комуникация,Игра",Всички умения,"Цел: Да се ​​прегледат накратко всички аспекти на волейболната игра. Обяснение: Треньорът хвърля топката до ръба на мрежата, където двама играчи, обърнати един срещу друг, едновременно скачат, за да я оспорят...",Няма данни,20 (две двойки),"Топки, Мрежа",Неуточнено,Неуточнено,Неуточнено,Няма данни,https://drive.google.com/file/d/1JuvvUqtx1Ytfc_-9v2Gvhsxnvd2sSBlF/view?usp=drive_link,attack;block;defense;serve;receive,transition,system_play,platform,setter,zone_3,3,3,16,20,medium,Всички умения,игрово
56,Крал на двора XL,Игрова ситуация,Всички нива,"Подаване,Приемане,Атака,Блок,Сервис,Защита,Разпределение,Координация,Бързина,Издръжливост,Преход,Сила,Комуникация,Игра",Всички умения,"Цел: Подобряване на всички умения чрез игра. Обяснение: 2 срещу 4. Кралете или дамите заемат едната страна, където се печелят точки...",Няма данни,19 (две двойки),"Топки, Мрежа",Неуточнено,Неуточнено,Неуточнено,Няма данни,https://drive.google.com/file/d/1aafEWfNL0TX_LvkaPelGtzcdbrxxHTko/view?usp=drive_link,attack;block;defense;serve;receive,transition,system_play,platform,setter,zone_3,3,3,16,20,medium,Всички умения,игрово
57,Обърни се и хвани,Техническа подготовка,Всички нива,"Подаване,Приемане,Атака,Блок,Сервис,Защита,Разпределение,Координация,Бързина,Издръжливост,Преход,Сила,Комуникация,Игра","Комуникация, Защита","Цел: Подобряване на игровите ситуации, комуникацията. Обяснение: Трима играчи застават до треньора, готови да подадат топката...",Няма данни,18 (две двойки),Топки,Неуточнено,Неуточнено,Неуточнено,Няма данни,https://drive.google.com/file/d/1aPiTgdqvyZn5QyD4Zt1H9TWreYclcVlT/view?usp=drive_link,attack;block;defense;serve;receive,transition,system_play,platform,setter,zone_3,3,3,16,20,medium,"Комуникация, Защита",игрово
58,Мач до 3 точки,Игрова ситуация,Всички нива,"Подаване,Приемане,Атака,Блок,Сервис,Защита,Разпределение,Координация,Бързина,Издръжливост,Преход,Сила,Комуникация,Игра",Всички умения,"Цел: Тренировка „странично навън“. Обяснение: В стандартен мач, използващ обикновената ротационна система, не се въвеждат допълнителни топки в игра...",Няма данни,17 (две двойки),"Топки, Мрежа",Неуточнено,Неуточнено,Неуточнено,Няма данни,https://drive.google.com/file/d/15uI9qsf223KvC1O0KjhjLXYBJJRq_Vfr/view?usp=drive_link,attack;block;defense;serve;receive,transition,system_play,platform,setter,zone_3,3,3,16,20,medium,Всички умения,игрово
59,Министри на съда,Игрова ситуация,Всички нива,"Подаване,Приемане,Атака,Блок,Сервис,Защита,Разпределение,Координация,Бързина,Издръжливост,Преход,Сила,Комуникация,Игра",Всички умения,"Цел: Отборна игра, подобряване на сервиса. Обяснение: Голям вариант на „Крал на корта“: 6 срещу 3. Групата от трима души се определя като Крале, Дами или Министри...",Няма данни,16 (две двойки),"Топки, Мрежа",Неуточнено,Неуточнено,Неуточнено,Няма данни,https://drive.google.com/file/d/1trzMZORpzNHUKbY9c3Zon279CD07E6cN/view?usp=drive_link,attack;block;defense;serve;receive,transition,system_play,platform,setter,zone_3,3,3,16,20,medium,Всички умения,игрово
60,Хрупкав,Игрова ситуация,Всички нива,"Подаване,Приемане,Атака,Блок,Сервис,Защита,Разпределение,Координация,Бързина,Издръжливост,Преход,Сила,Комуникация,Игра","Реакция, Защита","Цел: Играчите се учат да бъдат подготвени за всичко, да показват ангажираност с всяка топка и винаги да бъдат директно подготвени за следващата топка. Обяснение: Това е отлично волейболно упражнение, при което треньорът играе ролята на антагонист...",Няма данни,15 (две двойки),"Топки, Мрежа, Стена/Таван",Неуточнено,Неуточнено,Неуточнено,Няма данни,https://drive.google.com/file/d/1foYEu0fWzinJFcg9YkldLyAd8PuIec0o/view?usp=drive_link,attack;block;defense;serve;receive,transition,system_play,platform,setter,zone_3,3,3,16,20,medium,"Реакция, Защита",игрово
61,Мелница,Загрявка,Средно напреднали,"Подаване,Приемане,Атака,Блок,Сервис,Защита,Разпределение,Координация,Бързина,Издръжливост,Преход,Сила,Комуникация,Игра",Всички умения,"Цел: Добро загряване във всички позиции. Обяснение: Поне един играч заема позиция 5, а друг - позиция 4...",Няма данни,14 (две двойки),"Топки, Мрежа",Неуточнено,Неуточнено,Неуточнено,Няма данни,https://drive.google.com/file/d/19qHdIZ3_KGSxdUUteLM-hwV8cdm9oZU0/view?usp=drive_link,attack;block;defense;serve;receive,transition,system_play,platform,setter,zone_3,3,3,13,16,medium,Всички умения,игрово
62,Съвпадение на ротациите странично навън,Игрова ситуация,Напреднали,"Подаване,Приемане,Атака,Блок,Сервис,Защита,Разпределение,Координация,Бързина,Издръжливост,Преход,Сила,Комуникация,Игра","Тактика, Сервис, Пасиране",Цел: Тренировка „странично навън“. Обяснение: Кой отбор ще завърши всичките шест ротации пръв? Мачът е кратък до три точки...,Няма данни,13 (две двойки),"Топки, Мрежа",Неуточнено,Неуточнено,Неуточнено,Няма данни,https://drive.google.com/file/d/14Eg8SiBGwaL9ZeSVNId6D65B9FacQ10_/view?usp=sharing,attack;block;defense;serve;receive,transition,system_play,platform,setter,zone_3,3,3,16,20,medium,"Тактика, Сервис, Пасиране",игрово
63,Страйд аут + свободна топка от дясната страна на корта,"Игрова ситуация, Тактика",Напреднали,"Подаване,Приемане,Атака,Блок,Сервис,Защита,Разпределение,Координация,Бързина,Издръжливост,Преход,Сила,Комуникация,Игра","Атака, Ситуационна игра","Цел: Тренировка с изправяне навън. Обяснение: Отборът запазва текущата си ротация. Изпълнявате страничен аут, последван от свободна топка...",Няма данни,12 (две двойки),"Топки, Мрежа",Неуточнено,Неуточнено,Неуточнено,Няма данни,https://drive.google.com/file/d/1O9hTFxjdsL3LgUq1ALuUCzPNkDO8fDY5/view?usp=sharing,attack;block;defense;serve;receive,transition,system_play,platform,setter,zone_3,3,3,16,20,medium,"Атака, Ситуационна игра",игрово
79,Синхронизирано подаване по права и диагонал,Техническа подготовка,Всички,Подаване,Всички умения,"Цел: Състезатели №1 и №2 използват атакуващ удар, а състезатели №3 и №4 насочват топката обратно като използват защитни действия (за по-квалифицирани състезатели).",Няма данни,4 (две двойки),"Две двойки състезатели взаимодействат в синхрон с едновременно подаване с две ръце (отгоре, отдолу, с отскок, странично) по права (поле А - горна половина на игрището) и по диагонал (поле Б - долна половина на игрището). Състезателите сменят местата помежду си след всяко действие. Диаграма (Поле А): Две двойки състезатели са разположени на задната половина на игрището, като си подават по права линия, движейки се в кръг около своите зони. Диаграма (Поле Б): Две двойки състезатели са разположени на задната половина на игрището, като си подават по диагонална линия, движейки се в кръг около своите зони.",Неуточнено,Неуточнено,Неуточнено,https://i.imgur.com/RYs8tPF.png,,,transition,system_play,platform,setter,zone_3,3,3,16,20,medium,Всички умения,групово
80,Усъвършенстване игра в защита и посрещане с две ръце отгоре,Техническа подготовка,Всички,"Приемане,Защита",Всички умения,"Състезател №1 атакува (1) със средна сила и подходяща по височина топка към състезател №2, който обработва топката, насочвайки я обратно към състезател №1 със задължително посрещане (2) с две ръце отгоре.",Няма данни,2,"Състезател №1 атакува (1) към състезател №2, който със защитни действия (2) директно насочва топката обратно към състезател №1 за последващи атаки. Диаграма: Състезател №1 е до страничната линия в зона 1/6, до конус (Т). Той атакува (1) към състезател №2, който е по-напред и централно в зона 5/6. Състезател №2 посреща (2) обратно към №1.",Средна,Неуточнено,Неуточнено,https://i.imgur.com/q9OPFyN.png,,defense;receive,transition,system_play,platform,setter,zone_3,3,3,16,20,medium,Всички умения,групово
81,"Бързина на реакцията, ловкост, атрактивност и емоционалност (Две топки във въздуха)",Техническа подготовка,Всички,"Атака,Защита",Всички умения,Смяна на ролите след определен брой атаки.,Няма данни,2,"Състезателите са по двойки на 9-10 метра разстояние, всеки с топка. Състезател №2 подхвърля с две ръце свободно висока топка (2), удобна за нападение към състезател №1. В момента на хвърлянето, състезател №1 атакува (1) своята топка към партньора си. Състезател №2 само улавя атакуваните топки и ги насочва (хвърля) удобно обратно за следващи атаки. Смяна на ролите след определен брой атаки. Диаграма: Двама играчи (1 и 2) са разположени един срещу друг по дължината на задната част на игрището. Между тях има две прекъснати стрелки, които показват две топки, движещи се едновременно – една атакувана (1) и една подхвърлена (2).",Висока,Неуточнено,Неуточнено,https://i.imgur.com/WjjQOFj.png,,attack;defense,transition,system_play,platform,setter,zone_3,3,3,16,20,medium,Всички умения,групово
82,"Контрол на топката, атрактивност, комуникативност и координация (Две топки, разнопосочно)",Техническа подготовка,Всички,"Подаване,Координация,Комуникация",Всички умения,Подаване (1) по земята между двойката състезатели се осъществява с удар с различни части на ходилото.,Няма данни,2,"Състезателите са по двойки на 5-7 метра разстояние, всеки с топка. Едната топка (1) се движи (търкаля по земята), като се подава между състезателите с една или две ръце. Другата топка (2) се подава между състезателите по въздуха свободно (с две ръце отгоре или отдолу според ситуацията). Диаграма: Двама играчи (C, C) са разположени на задната линия на игрището, един срещу друг. Една пунктирана стрелка (1) показва търкаляне на топка между тях по земята. Друга пунктирана стрелка (2) с дъга показва подаване по въздуха. Забележка: Двете топки се движат разнопосочно!",Средна,Неуточнено,Неуточнено,https://i.imgur.com/X5rtzOx.png,,,transition,system_play,platform,setter,zone_3,3,3,16,20,medium,Всички умения,групово
83,Техника подаване и скорост на странично придвижване,Техническа подготовка,Всички,"Подаване,Координация,Бързина,Издръжливост,Преход",Всички умения,,Няма данни,2,"Състезатели до мрежата подават с две ръце (отгоре или отдолу) едновременно топки по правата около страничната линия. Състезатели №1 и №2 след връщане на подаването с две ръце отгоре или отдолу се придвижват странично до средата на игрището, като осъществяват контакт (пляскане) помежду си с дланта на вътрешната си ръка. Връщат се на изходни позиции за непрекъснатост на взаимодействията. Диаграма: Двама играчи (C, C) са разположени в предната част на игрището до мрежата, близо до страничните линии. От тях тръгват топки (стрелки с дъга) по права линия. Две звездички показват зоната на контакт в средата на игрището. Две други звездички показват крайната точка на придвижване до страничните линии. Забележка: Изискване за максимална скорост на страничното придвижване с излизане на стъпалото на външния крак извън страничната линия.",Висока,Неуточнено,Неуточнено,https://i.imgur.com/CblfFfQ.png,,,transition,system_play,platform,setter,zone_3,3,3,16,20,medium,Всички умения,групово
84,Техника подаване и скорост на придвижване напред и назад,Техническа подготовка,Всички,"Подаване,Координация,Бързина,Издръжливост,Преход",Всички умения,"След подаване (6) противоправна смяна на ролите без прекъсване, т.е. състезател №2 с подаване (6) стартира същото огледално разиграване и придвижване.",Няма данни,2,"Състезател до мрежата подава (1) топка за посрещане с две ръце отдолу на партньор около 7-8 метър, който връща подаването (2). Следва второ, късо подаване на състезателя до мрежата (3) вертикално нагоре (средна височина) за връщане на подаването (4) на придвижилия се състезател №1 с две ръце отдолу. След подаването с две ръце отдолу на къса топка (4) на придвижилия се състезател, състезателят до мрежата извършва самостоятелно подаване (5) на висока топка над главата си, за да даде възможност на придвижилия се състезател да заеме изходна позиция около 7-8 метър за непрекъснатост на упражнението. Диаграма: Играч (1) е на задната линия. Подава към играч (С) близо до мрежата. Топката се движи напред-назад, а играч (1) се придвижва към 7-8 метра, а след това към мрежата, за да продължи играта с подаване (5) над главата.",Висока,Неуточнено,Неуточнено,https://i.imgur.com/rFP65GB.png,,,transition,system_play,platform,setter,zone_3,3,3,16,20,medium,Всички умения,групово
85,Техника подаване и бързина на странично придвижване (с висока топка),Техническа подготовка,Всички,"Подаване,Координация,Бързина,Издръжливост,Преход",Всички умения,,Няма данни,2,"Двойката състезатели (№1 и №2) се позиционират на разстояние 3-4 метра един от друг в права линия. Състезател №2 стартира с вертикално подаване на топка на височина 6-8 метра с две ръце (отгоре, отдолу). В момента на подаване състезател №1 стартира с динамично странично придвижване за изпълнение на същото вертикално подаване. Диаграма: Двама играчи (1 и 2) са разположени един срещу друг на задната линия, на разстояние 3-4 метра. Между тях има пунктирана стрелка, показваща вертикално подаване (от 6-8 метра височина). От играч (1) тръгва стрелка за странично придвижване към играч (2). Забележка: Изискване за задължително динамично странично придвижване и поддържане траекторията на летеж на топката в стабилна вертикална позиция.",Висока,Неуточнено,Неуточнено,https://i.imgur.com/uehaV1B.png,,,transition,system_play,platform,setter,zone_3,3,3,16,20,medium,Всички умения,групово
86,Техника на придвижване и точност подаване (с 3 докосвания),Техническа подготовка,Всички,"Подаване,Координация,Бързина,Издръжливост,Преход",Всички умения,"С две ръце отгоре, отдолу, странично. След третото докосване се извършва самостоятелно, допълнително четвърто подаване над глава и се завършва с лек китков удар (забиване) към партньора.",Няма данни,2,"Състезателите са по двойки, един зад друг на едната странична линия. Състезател №1 с три докосвания на топката (1-2-3) се придвижва до срещуположната странична линия, като след третото докосване се обръща и подава (4) топката към състезател №2. Връща се на изходно положение за непрекъснатост на упражнението. Диаграма: Двама играчи (1 и 2) са позиционирани на една странична линия, един зад друг. Играч 1 се движи по дължината на мрежата с 3 докосвания (1-2-3), обръща се и подава (4) към играч 2, който е на другата странична линия.",Средна,Неуточнено,Неуточнено,https://i.imgur.com/h0Pc6SZ.png,,,transition,system_play,platform,setter,zone_3,3,3,16,20,medium,Всички умения,групово
87,Техника на подаване след придвижване,Техническа подготовка,Всички,"Подаване,Координация,Бързина,Издръжливост,Преход",Всички умения,"След подаване (6) противоправна смяна на ролите без прекъсване, т.е. състезател №2 с подаване (6) стартира същото огледално разиграване и придвижване.",Няма данни,2,"Състезател №1 подава висока, дълга топка (1) на състезател №2, който му връща подаването с къса топка (2). Състезател №1 след придвижване връща топката с две ръце отдолу с подаване (3). Следва разиграване със средно висока топка (4) около зона №3 и връщане на подаването (5) с две ръце отгоре през глава назад отново към състезател №2. Следва дълга топка (6) от състезател №2 за подновяване на упражнението с върналия се състезател №1 на изходна позиция. Диаграма: Двама играчи (1 и 2) започват от задната линия. Играч 1 подава дълга топка (1) към играч 2, който връща къса топка (2). Играч 1 се придвижва, посреща (3) и т.н. Използват се различни зони (3).",Средна,Неуточнено,Неуточнено,https://i.imgur.com/0FzYHfP.png,,,transition,system_play,platform,setter,zone_3,3,3,16,20,medium,Всички умения,групово
88,"Техника на подаване, бързина на придвижване, ритмичност, комуникативност и периферно зрение (по тройки)",Техническа подготовка,Всички,"Подаване,Координация,Бързина,Издръжливост,Преход",Всички умения,Различни видове техники за докосване на топката.,Няма данни,6,"Състезатели №1, №3 и №5 от страничната линия стартират упражнението едновременно след звуков сигнал от страна на треньора с подаване по правата. Състезатели №2, №4 и №6 задължително играят с две докосвания на топката (различни видове техники), като връщат подаването в същата посока. Следва същото разиграване отново с две докосвания на топката от стартиралите състезатели след придвижване по указаната схема. Диаграма: Шест играча (1-6) са разположени по страничните линии. Трима играчи (1, 3, 5) от едната страна подават по права. Други трима (2, 4, 6) от другата страна посрещат и връщат. Движението е синхронно и ритмично. Забележка: Треньор подхвърля топка на мястото на сгрешената ситуация за непрекъснатост на действията.",Висока,Неуточнено,Неуточнено,https://i.imgur.com/Q52QWrs.png,,,transition,system_play,platform,setter,zone_3,3,3,16,20,medium,Всички умения,игрово
89,"Техника на придвижване, точност подаване, периферно зрение и комуникативност (двойки по дължина)",Техническа подготовка,Всички,"Подаване,Координация,Бързина,Издръжливост,Преход",Всички умения,,Няма данни,6 или повече (3+ двойки),"Състезателите се разполагат един срещу друг по двойки в близост до страничната линия по цялата дължина на игрището (по три и повече двойки в половин игрище). Всяка двойка състезатели осъществява свободно разиграване помежду си, като използва различни видове техники на подаване. Всички двойки се придвижват от крайна линия на поле А до крайната линия на поле Б и обратно. Диаграма: Двойки играчи (отбелязани като точки с номер и стрелки) са разположени по дължината на игрището, близо до страничните линии. Те си подават по диагонал и се придвижват напред-назад по игрището. Забележка: Всяка двойка състезатели използва средно от 12 до 14 докосвания на топката за придвижване от крайната линия на едното игрище до крайната линия на другото игрище.",Средна,Неуточнено,Неуточнено,https://i.imgur.com/nJVRbxW.png,,,transition,system_play,platform,setter,zone_3,3,3,16,20,medium,Всички умения,игрово
90,"Техника подаване и усъвършенстване игра в защита след придвижване, комуникативност",Техническа подготовка,Всички,"Подаване,Защита",Всички умения,,Няма данни,2,"Състезател №2 от зона №4 стартира със забиване (1) към състезател №1 в зона №6, който отразява топката (2) към зона №3. След атакуващото действие състезател №2 се придвижва в зона №3 и подава (3) спасената от състезател №1 топка в зона №2 на придвижилия се състезател №1. Следва вдигане (4) в зона №4 отново към състезател №2, който атакува (5) към зона №1 отново към състезател №1 за защитно действие (6) към зона №4 за подновяване на игровите взаимодействия между двамата състезатели без прекъсване по схемата. Диаграма: Двама играчи (1 и 2) са в задни зони на игрището, докато други двама (звездички) са в предните зони. Играч 2 атакува (1) към играч 1, който посреща (2) към зона 3. Играч 2 се придвижва към зона 3, подава (3) към играч 1 в зона 2, който вдига (4) към зона 4 за играч 2, който атакува (5) към играч 1 за защита (6), и т.н. Забележка: Треньор подхвърля топка на мястото на сгрешената ситуация за непрекъснатост на действията.",Висока,Неуточнено,Неуточнено,https://i.imgur.com/FFQ2vCu.png,,defense,transition,system_play,platform,setter,zone_3,3,3,16,20,medium,Всички умения,групово
91,Техника подаване след придвижване при дефицит от време,"Основна фаза 1,Техническа подготовка",Всички,"Подаване,Координация,Бързина,Издръжливост,Преход",Всички умения,"При повече от две двойки състезатели на страничната линия, упражнението може да е с две топки едновременно (за по-квалифицирани състезатели).",Няма данни,2 или повече,"Състезателите са по двойки на страничната линия. Взаимодействат помежду си с подаване с две ръце: отгоре, отдолу, странично, с отскок. Диаграма: Две двойки играчи (1 и 2) са разположени по страничните линии, до крайната линия. Между тях има стрелка, показваща подаване, а до играчите има триъгълници, показващи зона за придвижване/покритие. Забележка: Двете топки се движат разнопосочно в синхрон!",Висока,Неуточнено,Неуточнено,https://i.imgur.com/L4BirUU.png,,,transition,system_play,platform,setter,zone_3,3,3,16,20,medium,Всички умения,групово
92,Индивидуална техника в защита и точност на второто подаване,Основна фаза 1,Всички,"Подаване,Защита",Всички умения,,Няма данни,4 или повече (2 двойки в колони),"Състезателите са по двойки в колони в зони №5 и №1. Състезател (или треньор) в зона №3 атакува произволно (1, 4) в зони №1 или №5, като неучаствалия в защита състезател от двойката (в случая състезател №1) догонва и насочва (3) спасената топка за подновяване на действията с атака от зона №3 към следващата двойка състезатели. Диаграма: Две колони от играчи (1, 2) са разположени на задната линия в зони 1 и 5. Треньор (Т) е до мрежата в зона 3. Треньорът атакува (1, 4) към зоните 1 или 5. Играч от колона 1 или 5 (неучастващ в защита) се придвижва, за да посрещне (3) топката и да я подаде обратно към зона 3 за атака. Забележка: При допускане на грешка от технически характер, треньор подхвърля топка в зона №3 за подновяване на действията и непрекъснатост на упражнението.",Средна,Неуточнено,Неуточнено,https://i.imgur.com/MZfsruN.png,,defense,transition,system_play,platform,setter,zone_3,3,3,16,20,medium,Всички умения,групово
93,Контрол на топката в защита след взривна работа с краката,"Основна фаза 2,Техническа подготовка",Всички,"Защита,Бързина,Издръжливост,Преход",Всички умения,,Няма данни,4 (две двойки),"Състезател №1 взаимодейства със състезател №2 с разнообразни по сила атакуващи удари и дължина топки (1, 2, 3...). По време на динамичната игра в защита, другата двойка състезатели (№3 и №4) в средно темпо редува без прекъсване бягане напред и докосване с ръка на триметровата линия, с бягане назад и приземяване на крайната линия. Смяна на ролите и позициите при фиксирано време, като се спазва изискването за игра в защита на състезателите, съответстваща на поста и зоната на тактическата схема на отбора. Диаграма: Играч №1 атакува (1, 2, 3) от предна зона към играч №2 в задна зона. Двойка играчи (3 и 4) правят линейни придвижвания напред-назад по дължината на игрището. Забележка: При грешка от технически характер треньор подхвърля топка на атакуващия състезател за непрекъснатост на действията.",Висока,Неуточнено,Неуточнено,https://i.imgur.com/MfPISZr.png,,defense,transition,system_play,platform,setter,zone_3,3,3,16,20,medium,Всички умения,групово
94,Техника на игра в защита и атака (2-ма състезатели),Основна фаза 2,Всички,"Атака,Защита",Всички умения,"Прехвърляне на топката: действие (3) се осъществява с една ръка, с две ръце отгоре или отдолу, с удар без отскок или с отскок, с крак, с глава. Играещият в задно поле състезател сам определя предварително мястото си за игра в защита (в коридор по цялата дължина на игрището). Смяна на местата в двойката след разиграване (1, 2, 3).",Няма данни,2,"Състезатели №1 и №2 взаимодействат (1, 2, 3) помежду си за прехвърляне на топката в поле Б. Следва същото разиграване с три докосвания на топката от поле Б. Диаграма: Играч №1 подава (1) към №2, който посреща (2) и топката се прехвърля (3) в поле Б (противниковото поле). След това цикълът се повтаря. Конус (Т) е разположен до мрежата отстрани.",Средна,Неуточнено,Неуточнено,https://i.imgur.com/D2VLCTS.png,,attack;defense,transition,system_play,platform,setter,zone_3,3,3,16,20,medium,Всички умения,групово
95,Подаване с два удара и смяна на полето,Основна фаза 1,Всички,"Подаване,Приемане,Атака,Блок,Сервис,Защита,Разпределение,Координация,Бързина,Издръжливост,Преход,Сила,Комуникация,Игра",Всички умения,Второто докосване (прехвърляне) на топката се осъществява с лек китков удар с или без отскок.,Няма данни,4 (две двойки),"Състезатели по двойки взаимодействат помежду си с два удара. Първото и второто докосване на топката се осъществява само с две ръце отдолу. Задължително прехвърляне зад нападателната линия в другото поле без изискване за посока. След всяко взаимодействие двойката състезатели сменя игралното поле. Диаграма: Две двойки са позиционирани в задните зони на всяко поле. Те си подават по два пъти, след което прехвърлят топката над мрежата зад триметровата линия на противниковото поле. Има стрелки за движение по права линия и смяна на полето. Треньор (Т) е до мрежата. Забележка: Треньор подхвърля топка на мястото на сгрешената ситуация за непрекъснатост на действията.",Неуточнено,Неуточнено,Неуточнено,https://i.imgur.com/lWKSnnH.png,,attack;block;defense;serve;receive,transition,system_play,platform,setter,zone_3,3,3,16,20,medium,Всички умения,групово
96,"Техника на игра в атака и защита (двойки, висок интензитет)",Основна фаза 1,Напреднали/Квалифицирани,"Атака,Защита",Всички умения,"След разиграването двойката състезатели извършва в собственото игрище в синхрон двоен блок в зона №3 и самостоятелно единичен блок в края на мрежата, след което преминава в другото поле.",Няма данни,4 (две двойки),"Състезател №2 взаимодейства (1) със състезател №1, който му вдига (2) топка за атака (3) от втора линия с контролиран удар по свой избор в зона №5 или зона №1. Следва същото динамично взаимодействие (защита, вдигане, атака) от другото поле със следващата двойка състезатели. Диаграма: Две двойки са разположени в задните и предни зони на всяко поле (по две звездички в задната зона, две кръгчета в предната). Топки се движат между тях, имитирайки атака и защита, с прехвърляне над мрежата. Има стрелки за ротация.",Висока,Неуточнено,Неуточнено,https://i.imgur.com/M0J2T3i.png,,attack;defense,transition,system_play,platform,setter,zone_3,3,3,16,20,medium,Всички умения,групово
97,"Техника на игра в защита и атака, бързина на придвижване, съобразителност и комуникация",Основна фаза 2,Всички,"Атака,Защита,Бързина,Издръжливост,Преход",Всички умения,,Няма данни,4,"Състезателите са по двойки в зони №5 и №1. Състезател №1 взаимодейства (1) със състезател №2, който му вдига (2) топка за атака от втора линия (3) по избор в зона №1 или зона №5. В случай след защитно действие (4) на състезател №4, атакувалият състезател №1 минава под мрежата и вдига (5) топка за атака от втора линия (6) на неучаствалия в защитно действие състезател №3. Следват същите взаимодействия без прекъсване. Диаграма: Две двойки играчи са в задните ъгли на едното поле. Треньор (Т) е до мрежата. Поредица от атаки (3, 6) и защитни действия (4) се случват, с преминаване на играч под мрежата и смяна на роли. Забележка: При грешка от технически характер треньор подхвърля топка на мястото на сгрешената ситуация за непрекъснатост на упражнението.",Висока,Неуточнено,Неуточнено,https://i.imgur.com/BqZsFNo.png,,attack;defense,transition,system_play,platform,setter,zone_3,3,3,16,20,medium,Всички умения,групово
98,"Упражнения по тройки: Подаване, бързина на странично придвижване, ритмичност и концентрация",Основна фаза 2,Всички,"Подаване,Координация,Бързина,Издръжливост",Всички умения,,Няма данни,3,"Състезател №3 до мрежата подава (1) висока топка по правата в центъра на игрището. Състезател №2 връща подаването (2), след което се придвижва странично, излизайки с десен крак извън страничната линия. В момента на контакт с топката на състезател №2, състезател №1 стартира с динамично странично придвижване към центъра на игрището за изпълнение на същите взаимодействия (1, 2) и ритмично продължаване на упражнението без прекъсване. Диаграма: Трима играчи (1, 2, 3) са разположени в задните зони на едното поле. Играч 3 (разпределител) подава висока топка (1) към зона 2/3. Играч 2 посреща (2) и се придвижва странично. Играч 1 се придвижва към центъра. Всичко е ритмично. Треньор (Т) е до мрежата.",Висока,Неуточнено,Неуточнено,https://i.imgur.com/uehaV1B.png,,,transition,system_play,platform,setter,zone_3,3,3,16,20,medium,Всички умения,групово
99,"Техника на подаване (две странични линии, напред/назад)",Основна фаза 1,Всички,Подаване,Всички умения,Подаване (1) към състезател №1 се редува по веднъж вляво и вдясно на 1.5-2.0 м разстояние. Обръщане посоката на движение на топката. Изпълнение с две топки едновременно (стартира се с по една топка в състезатели №1 и №3).,Няма данни,3,"Състезатели №1 и №3 са разположени на двете странични линии, като подават (1, 3) с две ръце отгоре или отдолу напред. Състезател №2 подава (2) с две ръце отгоре назад през глава. Диаграма: Трима играчи (1, 2, 3). Играчи 1 и 3 са на страничните линии. Играч 2 е централно разположен между тях. Топки се подават между 1 и 2, и 2 и 3, с прехвърляне над главата на играч 2.",Средна,Неуточнено,Неуточнено,https://i.imgur.com/7eEV49O.png,,,transition,system_play,platform,setter,zone_3,3,3,16,20,medium,Всички умения,групово
100,"Ритмичност и точност в техниката на подаване (с две топки, по тройки)",Основна фаза 1,Всички,Подаване,Всички умения,"Взаимодействието между състезателите е с две ръце (отгоре, отдолу, с отскок). Всеки състезател играе с две (три) докосвания на топката, като използва различни видове техники, а състезателят без топка изпълнява странично приземяване.",Няма данни,3,"Упражнението е с две топки в синхрон. Състезател №2 взаимодейства (1) със състезател №1, който в същото време подава (2) своята топка към състезател №3 за непрекъснато разиграване на двете топки между тримата. Диаграма: Трима играчи (1, 2, 3) са разположени в триъгълник в задната половина на игрището. Играч 2 подава (1) към 1, докато 1 подава (2) към 3. Топките се движат едновременно.",Средна,Неуточнено,Неуточнено,https://i.imgur.com/0iwtzfk.png,,,transition,system_play,platform,setter,zone_3,3,3,16,20,medium,Всички умения,групово
101,"Техника на подаване, ритмичност (с блок/нападение)",Основна фаза 2,Всички,"Подаване,Атака,Блок",Всички умения,Противоправно (огледално) изпълнение на упражнението със стартиране зад нападателната линия от зона №4 (състезател №3 е в зона №2).,Няма данни,3,"Състезател №1 зад нападателната линия от зона №2 подава (1) към състезател №3 в зона №4 и веднага се придвижва напред към мрежата за изпълнение на единичен блок или имитиращо нападение. Състезател №2 му връща подаването (2) с топка на мрежата, която състезател №1 обработва (3) с различни видове техники към състезател №2 за продължаване на същото разиграване без прекъсване. Диаграма: Играч 1 е на задната линия в зона 2, подава (1) към играч 3 в зона 4, след което бързо се придвижва към мрежата за блок. Играч 2 е до мрежата и връща топката (2) на мрежата. Играч 1 я обработва (3) към играч 2. Конус (Т) е до мрежата.",Средна,Неуточнено,Неуточнено,https://i.imgur.com/ydVLYib.png,,attack;block,transition,system_play,platform,setter,zone_3,3,3,16,20,medium,Всички умения,групово
102,Техника на подаване и бързина странично придвижване (около конус),Основна фаза 2,Всички,"Подаване,Координация,Бързина",Всички умения,,Няма данни,3,"Състезатели №2 и №3 до страничната линия взаимодействат в последователност с подаване с две ръце: отгоре, отдолу, с отскок със състезател №1. След всяко подаване състезатели №2 и №3 се придвижват странично, като заобикалят конус на разстояние 1,5 – 2,0м. Диаграма: Трима играчи (1, 2, 3) са разположени в едната половина на игрището. Играч 1 е в центъра на задната линия. Играчи 2 и 3 са до страничната линия, на 1.5-2.0м от нея. Играчи 2 и 3 си подават към играч 1, след което се придвижват странично около конуси, разположени зад тях. Треньор (Т) е до мрежата. Забележка: При допускане на грешка от технически характер треньор подхвърля топка на мястото на сгрешената ситуация за непрекъснатост на действията.",Висока,Неуточнено,Неуточнено,https://i.imgur.com/XvkzpUV.png,,,transition,system_play,platform,setter,zone_3,3,3,16,20,medium,Всички умения,групово
103,Техника подаване напред и назад през глава след придвижване,"Основна фаза 1,Техническа подготовка",Всички,"Подаване,Координация,Бързина",Всички умения,,Няма данни,3,"Състезател №1 (зад гърба на състезател №2) стартира с подаване с две ръце отгоре напред (1) на дълга (5-6 метра) и висока топка. В момента на подаване (1) състезател №2 се придвижва и връща топката с подаване през глава назад (2). Състезател №1 повторно подава (3) на дълга топка напред отново на състезател №2, който трябва да е минал зад гърба на състезател №3. Следва същото разиграване без прекъсване на упражнението от двойката състезатели №2 и №3. Диаграма: Трима играчи (1, 2, 3) са разположени в едната половина на игрището. Играч 1 е зад играч 2, който е близо до мрежата. Играч 1 подава (1) дълга и висока топка към играч 2. Играч 2 връща (2) назад през глава към играч 1, който подава (3) дълга топка напред към играч 2 (който се е придвижил зад играч 3). Конус (Т) до мрежата. Забележка: Треньор подхвърля топка на мястото на сгрешената ситуация за непрекъснатост на действията.",Средна,Неуточнено,Неуточнено,https://i.imgur.com/PpNVEfB.png,,,transition,system_play,platform,setter,zone_3,3,3,16,20,medium,Всички умения,групово
104,Техника на игра в защита и атака (2-ма състезатели) - 2,Основна фаза 1,По-квалифицирани,"Атака,Защита",Всички умения,"При по-квалифицирани състезатели: Състезател №1 атакува (1) с отскок, състезател №3 след защитно действие (2) извършва странично приземяване в ляво и в дясно. Състезател №2 след подаване (3) пада на лицева опора или извършва друго действие.",Няма данни,3,"Състезател №1 стартира с атакуващ удар (1) към състезател №3, който отразява удара, насочвайки топката вертикално нагоре (2). Следва вдигане от състезател №2 на дълга топка (3) към състезател №1 за подновяване на упражнението без прекъсване. Диаграма: Трима играчи (1, 2, 3) са разположени в едната половина на игрището. Играч 1 атакува (1) от задната линия към играч 3 в предна зона, който отразява топката (2) вертикално. Играч 2 вдига (3) дълга топка към играч 1.",Висока,Неуточнено,Неуточнено,https://i.imgur.com/tDjSucG.png,,attack;defense,transition,system_play,platform,setter,zone_3,3,3,16,20,medium,Всички умения,групово
105,Техника на игра в защита и атака (по странична линия),"Основна фаза 2,Техническа подготовка",Всички,"Атака,Защита",Всички умения,Атакуващият състезател на страничната линия редува в последователност: атака от земя и падане на лицева опора с атака с отскок и странично приземяване.,Няма данни,3,"Състезател от страничната линия атакува (1) към състезател №1, който при първото си действие отразява удара, насочвайки топката вертикално над главата си (2) и след това вдига през глава назад (3) към състезател №2. Следва вдигане на дълга топка (4) от състезател №2, който веднага се придвижва напред и заема мястото на състезател №1 за игра в защита и продължаване на упражнението без прекъсване. Диаграма: Играч от страничната линия атакува (1) към играч 1, който отразява (2) и вдига (3) назад към играч 2. Играч 2 подава (4) дълга топка, придвижвайки се напред. Има ротация между играчи 1 и 2. Конус (Т) е до мрежата.",Висока,Неуточнено,Неуточнено,https://i.imgur.com/tDjSucG.png,,attack;defense,transition,system_play,platform,setter,zone_3,3,3,16,20,medium,Всички умения,групово
106,Техника на игра в защита и атака (смяна на места),"Основна фаза 1,Техническа подготовка",Всички,"Атака,Защита",Всички умения,"Състезател от зона №2 осъществява взаимодействие (1) с атакуващ удар, а състезател в зона №4 играе с два удара, за да даде възможност на играещият в защита състезател да се придвижи навреме в зона №2.",Няма данни,3,"Състезател №3 стартира с подаване (1) към състезател №2 и веднага заема мястото му. Състезател №2 обработва подадената топка над главата си (2) към състезател №1, който е зад гърба му и веднага заема мястото на състезател №3 за продължаване на упражнението. Състезател №1 стои на едно място като вдига високи, дълги топки (3), а състезатели №2 и №3 непрекъснато сменят местата помежду си. Диаграма: Трима играчи (1, 2, 3) са в едната половина на игрището, като 1 и 2 са близо до мрежата, а 3 е отзад. Има подаване (1), обработка (2) и вдигане (3) с постоянна смяна на позиции.",Средна,Неуточнено,Неуточнено,https://i.imgur.com/MybEkgs.png,,attack;defense,transition,system_play,platform,setter,zone_3,3,3,16,20,medium,Всички умения,групово
107,"Динамични взаимодействия за контрол на топката в защита и атака, бързина на придвижване",Основна фаза 1,Всички,"Атака,Защита,Координация,Бързина",Всички умения,След всяка осъществена атака и контраатака състезатели №1 и №2 си сменят местата и ролите.,Няма данни,3,"Състезател №1 подава (1) към състезател №2, който му вдига (2) топка зад триметровата линия за атака (3). Следва атака по правата (3) на състезател №1, който веднага минава под мрежата в другото поле за вдигане на отразената в защита топка (4) от състезател №3. Взаимодействията се повтарят без прекъсване. Ротацията на състезателите е по указаната схема. Диаграма: Двама играчи (1, 2) в едното поле и един играч (3) в другото поле. Играч 1 подава (1) към играч 2, който вдига (2) за атака (3) на играч 1. Играч 1 атакува (3) и минава под мрежата. Играч 3 посреща (4) топката. Цикълът се повтаря. Конус (Т) е до мрежата.",Висока,Неуточнено,Неуточнено,https://i.imgur.com/fnEpRVh.png,,attack;defense,transition,system_play,platform,setter,zone_3,3,3,16,20,medium,Всички умения,групово
108,"Самостоятелен контрол на топката в защита, второ подаване и атака","Основна фаза 2,Техническа подготовка",Всички,"Подаване,Атака,Защита,Разпределение",Всички умения,,Няма данни,2,"Състезател №1 стартира самостоятелно с подаване (1), насочвайки топката зад триметровата линия. Следва придвижване и вдигане (2) на подходяща по височина топка за атака на мрежата (3) по правата към състезател №3. Същото разиграване с три контакта на топката извършва състезател №3, като първото докосване е защитно действие (1), второто е вдигане (2) и третото атака (3) към състезател №2. Диаграма: Играч №1 е на задната линия. Той подава (1), придвижва се и вдига (2) за атака (3) по права към играч №3, който изпълнява същия цикъл (1-2-3). Забележка: Треньор подхвърля топка на мястото на сгрешената ситуация за непрекъснатост на упражнението.",Средна,Неуточнено,Неуточнено,https://i.imgur.com/D2VLCTS.png,,attack;defense,transition,system_play,platform,setter,zone_3,3,3,16,20,medium,Всички умения,групово
109,Техника на игра в защита след придвижване (поредица),"Игрова ситуация, Тактика,Техническа подготовка",Всички,"Защита,Координация,Бързина",Всички умения,,Няма данни,3,"Състезател №2 стартира от зона №1 като играе в последователност защита връщайки (2, 4, 6, 8) на състезател №1 в зона №3 на: Пусната топка (1) около трети метър в зона №2, подадена дълга топка (3) около 8-9 метър, къса топка (5) около трети метър в зона №4 и атакуващ удар в зона №5. След последното защитно действие (8), състезател №3 се включва автоматично от зона №1 без прекъсване на упражнението за същите взаимодействия със състезател №1. Диаграма: Двама играчи (1 и 2) в едното поле. Играч 2 от зона 1 стартира защита, връщайки топки към играч 1 в зона 3. Топките са с различна траектория и дължина: къса (1) в зона 2, дълга (3) в зона 8-9м, къса (5) в зона 4, атака (7) в зона 5. Забележка: Треньор подхвърля топка на мястото на сгрешената ситуация за непрекъснатост на действията.",Висока,Неуточнено,Неуточнено,https://i.imgur.com/RUQatjI.png,,defense,transition,system_play,platform,setter,zone_3,3,3,16,20,medium,Всички умения,групово
110,"Динамични игрови взаимодействия за контрол на топката в защита, атака и контраатака","Игрова ситуация, Тактика,Техническа подготовка",Всички,"Атака,Защита,Разпределение,Координация,Игра",Всички умения,След всяка осъществена атака и контраатака състезатели №1 и №2 си сменят местата и ролите.,Няма данни,3,"Състезател №1 взаимодейства (1) със състезател №2, който му вдига (2) топка зад триметровата линия за атака (3). Състезател №3 играе в защита, като насочва (4) директно топката на мрежата за контраатака (5) от състезател №1. Следва повторна игра в защита (6) на състезател №3, който отправя висока и дълга топка директно в другото поле за подновяване на разиграването между двойката състезатели. Диаграма: Трима играчи (1, 2, 3) в едното поле. Играч 1 подава (1) към играч 2, който вдига (2) за атака (3) на играч 1. Играч 3 играе защита (4), насочвайки топката на мрежата за контраатака (5) от играч 1. Следва защита (6) от играч 3, който връща дълга топка в другото поле. Забележка: Треньор подхвърля топка на мястото на сгрешената ситуация за непрекъснатост на действията.",Висока,Неуточнено,Неуточнено,https://i.imgur.com/knDKij7.png,,attack;defense,transition,system_play,platform,setter,zone_3,3,3,16,20,medium,Всички умения,групово
111,Контрол на топката в нападение след взривна и динамична работа с краката,"Игрова ситуация, Тактика,Техническа подготовка",Всички,"Атака,Координация,Бързина",Всички умения,,Няма данни,3,"Състезател №1 взаимодейства (1) със състезател №2, който му вдига (2) топка за атака (3) от втора линия. Състезател №3 играе защита, връщайки (4) висока, дълга топка (7-8 метър) директно в другото поле. Непрекъснатост на упражнението до предварително определен брой атаки. Диаграма: Трима играчи (1, 2, 3) са в едното поле. Играч 1 подава (1) към играч 2, който вдига (2) за атака (3) на играч 1. Играч 3 играе защита (4), връщайки висока топка в другото поле. Забележка: Треньор подхвърля топка на мястото на сгрешената ситуация за непрекъснатост на упражнението.",Висока,Неуточнено,Неуточнено,https://i.imgur.com/GJ8854i.png,,attack,transition,system_play,platform,setter,zone_3,3,3,16,20,medium,Всички умения,групово
112,Точност първо и второ подаване в организация на атака при дефицит от време,"Игрова ситуация, Тактика,Техническа подготовка",Всички,"Подаване,Приемане,Атака",Всички умения,,Няма данни,3,"Състезатели №1 и №2 си взаимодействат (1, 2), осъществявайки атака (3) зад нападателната линия. Състезател №3 играе защита, като отразява директно дълга топка (4) около 7-8 метър в другото поле. След всяко динамично взаимодействие (посрещане, вдигане и атака) състезатели №1 и №2 си сменят местата и ролите по указаната схема. Диаграма: Трима играчи (1, 2, 3) в едното поле. Играчи 1 и 2 взаимодействат (1, 2), след което играч 1 атакува (3) зад линията. Играч 3 играе защита (4), връщайки дълга топка в другото поле. Конус (Т) е до мрежата. Забележка: Треньор подхвърля топка на мястото на сгрешената ситуация за непрекъснатост на упражнението.",Висока,Неуточнено,Неуточнено,https://i.imgur.com/VOmhjax.png,,attack;receive,transition,system_play,platform,setter,zone_3,3,3,16,20,medium,Всички умения,групово
113,Техника на игра с превключване от едно игрово действие към друго при дефицит от време,"Игрова ситуация, Тактика,Техническа подготовка",Всички,"Разпределение,Координация,Преход,Комуникация,Игра",Всички умения,,Няма данни,4,"Състезател №2 стартира с подаване (1) на висока топка към зона №1. В момента на подаване (1) състезател №1 спринтира и насочва топката (2) към състезател №3 в зона №4, който атакува (3) по правата в зона №5 отново към състезател №1 за защитно действие (4). Състезател №3 веднага спринтира към зона №2 за автоматично подновяване на същото разиграване със състезател №2. Диаграма: Четири играча (1, 2, 3, 4) в едното поле. Играч 2 подава (1) към зона 1. Играч 1 спринтира и насочва (2) към играч 3, който атакува (3) към зона 5. Играч 1 защитава (4). Играч 3 спринтира към зона 2 за ротация. Конус (Т) е до мрежата. Забележка: При допускане на грешка от технически характер треньор подхвърля топка на мястото на сгрешената ситуация за непрекъснатост на действията.",Висока,Неуточнено,Неуточнено,https://i.imgur.com/doehE8M.png,,,transition,system_play,platform,setter,zone_3,3,3,16,20,medium,Всички умения,групово
114,Усъвършенстване на техника в атака и защита (комплекс от взаимодействия),"Игрова ситуация, Тактика,Техническа подготовка",Всички,",Атака,Защита",Всички умения,,Няма данни,6 или повече,"Състезател №1 от поле А взаимодейства (1) със състезател №2, който му вдига (2) топка за атака (3) по диагонала. Състезател №6 от поле Б със защитно действие (4) насочва топката към състезател №5, който вдига (5) в зона №2 топка за атака (6) на състезател №4 по диагонала. Следва защитно действие (7) от състезател №3, вдигане (8) от придвижилия се състезател №1 и атака (9) от зона №2 отново по диагонала. Игровата верига се затваря със защитно действие (10) от състезател №5, вдигане (11) от състезател №4 и атака по диагонал (12) към състезател №2, който е заел мястото на състезател №1 в зона №4 от поле А. Диаграма: Комплексна схема с множество играчи (1-6) в двете полета (А и Б), разположени в различни зони. Топките се движат по сложни траектории между тях, включвайки подавания, вдигания, атаки и защитни действия, с преминаване на мрежата. Конус (Т) е до мрежата. Забележка: След всяка атака по диагонал, вдигащият и атакуващият състезател сменят местата си (виж поле А)!",Висока,Неуточнено,Неуточнено,https://i.imgur.com/sWcVIMl.png,,attack;defense,transition,system_play,platform,setter,zone_3,3,3,16,20,medium,Всички умения,игрово
116,"Техника на подаване, бързина на придвижване, комуникативност, периферно зрение (Колони, прави/диагонал)","Игрова ситуация, Тактика,Техническа подготовка",Всички,"Подаване,Координация,Бързина,Комуникация,Игра",Всички умения,Подаването през мрежата се осъществява по диагонал. Подаване с четири топки едновременно (по една топка във всяка колона) – за по-квалифицирани състезатели.,Няма данни,8+ (колони от по 2+ играча),"Състезателите са в колони в зони №2 и №4 на двете полета. Стартират едновременно с подаване по правата с две ръце (отгоре, отдолу, странично, с отскок). Смяна на местата на състезателите в собственото поле. Диаграма: Две игрища са показани едно до друго. Ляво игрище: Четири колони играчи (C) са разположени в зони 2 и 4 на двете полета. Има стрелки, показващи подаване по права линия и движение в кръг в колоните. Дясно игрище: Четири колони играчи (C) са разположени в зони 2 и 4 на двете полета. Има стрелки, показващи подаване по диагонална линия и движение в кръг в колоните.",Средна,Неуточнено,Неуточнено,https://i.imgur.com/sa9qpZR.png,,,transition,system_play,platform,setter,zone_3,3,3,16,20,medium,Всички умения,групово
117,"Усъвършенстване на подаването, бързина на придвижване, периферно зрение, комуникативност (Колони, прави/диагонал над мрежа)","Игрова ситуация, Тактика,Техническа подготовка",Всички,"Подаване,Координация,Бързина,Комуникация,Игра",Всички умения,Подаването през мрежата се осъществява по диагонал. Подаване с четири топки едновременно (по една топка във всяка колона) – за по-квалифицирани състезатели.,Няма данни,8+ (колони от по 2+ играча),"Състезателите са в колони в зони №2 и №4 на двете полета. Стартират едновременно с подаване по правата с две ръце (отгоре, отдолу, странично, с отскок). Смяна на местата на състезателите в срещуположното поле. Диаграма: Две игрища са показани едно до друго. Ляво игрище: Четири колони играчи (C) са разположени в зони 2 и 4 на двете полета. Има стрелки, показващи подаване по диагонал над мрежата. Дясно игрище: Четири колони играчи (C) са разположени в зони 2 и 4 на двете полета. Има стрелки, показващи подаване по права над мрежата и ротация в колоните. Конус (Т) е до мрежата.",Средна,Неуточнено,Неуточнено,https://i.imgur.com/Z0ryrL1.png,,,transition,system_play,platform,setter,zone_3,3,3,16,20,medium,Всички умения,групово
118,"Техника на подаване, бързина на придвижване (5+ състезатели)","Игрова ситуация, Тактика,Техническа подготовка",Всички,"Подаване,Координация,Бързина,Комуникация,Игра",Всички умения,Състезатели до мрежата прилагат действие (2 и 4) с контролиран атакуващ удар.,Няма данни,5 или повече,"Упражнението е за пет и повече състезатели. Взаимодействието между състезателите е с подаване с две ръце напред (отгоре, отдолу, странично, с отскок). Всички състезатели се придвижват като следват посоката на движение на топката. Диаграма: Две игрища са показани едно до друго. Ляво игрище: Играчи (C) са разположени в зони 1, 4 и 5. Топката се подава по диагонал между зони 1 и 4, и между зони 4 и 5. Има и стрелки за ротация в колоните. Дясно игрище: Играчи (C) са разположени в зони 1, 2 и 5. Топката се подава по диагонал между зони 1 и 2, и между зони 2 и 5. Има и стрелки за ротация в колоните.",Средна,Неуточнено,Неуточнено,https://i.imgur.com/sa9qpZR.png,,,transition,system_play,platform,setter,zone_3,3,3,16,20,medium,Всички умения,игрово
119,"Точност подаване и бързина на придвижване, синхрон и комуникативност при изграждане на двоен блок","Игрова ситуация, Тактика,Техническа подготовка",Всички,"Подаване,Блок,Координация,Бързина,Комуникация,Игра",Всички умения,Подаването е по диагонал над мрежата (от зона №4 на поле А към зона №4 на поле Б).,Няма данни,4 (две двойки),"Състезатели №1 и №2 от поле А стартират едновременно след звуков сигнал от треньор подаване по правата над мрежата в поле Б. След подаването състезателите се придвижват в зона №3 за изграждане на двоен блок в синхрон, след което се изтеглят докосвайки с ръка крайната линия в зона №6, като се нареждат обратно в своята колона за продължаване на упражнението. Следват същите взаимодействия от поле Б на двойката състезатели №3 и №4. Диаграма: Две двойки играчи (1, 2 и 3, 4) са в колони в двете полета. Играчи 1 и 2 подават (1) над мрежата към противниковото поле, след което се придвижват бързо за двоен блок в зона 3, изтеглят се до крайната линия и се връщат в колоната си. Конус (Т) е до мрежата.",Висока,Неуточнено,Неуточнено,https://i.imgur.com/w9Mck7K.png,,block,transition,system_play,platform,setter,zone_3,3,3,16,20,medium,Всички умения,групово
